{"stats":{"minecraft:mined":{"minecraft:large_fern":2},"minecraft:custom":{"minecraft:jump":30,"minecraft:time_since_rest":4458,"minecraft:crouch_one_cm":572,"minecraft:sprint_one_cm":6297,"minecraft:play_time":4458,"minecraft:time_since_death":4458,"minecraft:walk_one_cm":11252,"minecraft:sneak_time":35,"minecraft:total_world_time":4458,"minecraft:fall_one_cm":418,"minecraft:fly_one_cm":6459},"minecraft:used":{"minecraft:bread":1,"epicfight:stone_greatsword":1},"minecraft:picked_up":{"paraglider:spirit_orb":1,"minecraft:wheat_seeds":1}},"DataVersion":2975}