{"stats":{"minecraft:picked_up":{"minecraft:rotten_flesh":2,"minecraft:wheat_seeds":4,"minecraft:oak_log":2,"minecraft:shield":1},"minecraft:used":{"minecraft:bow":3,"minecraft:golden_helmet":1,"minecraft:trident":10,"minecraft:golden_apple":4,"minecraft:enchanting_table":1,"minecraft:diamond_boots":3,"minecraft:anvil":2,"minecraft:skeleton_spawn_egg":5,"minecraft:chainmail_boots":1,"minecraft:iron_axe":2,"minecraft:spawner":7,"minecraft:netherite_axe":7,"minecraft:diamond_helmet":3,"minecraft:ender_pearl":9,"minecraft:zombie_spawn_egg":20,"minecraft:iron_boots":2,"minecraft:iron_leggings":1,"minecraft:totem_of_undying":1},"minecraft:custom":{"minecraft:time_since_rest":163669,"minecraft:damage_absorbed":80,"minecraft:deaths":6,"minecraft:play_time":266960,"minecraft:sprint_one_cm":24239,"minecraft:damage_taken":2011,"minecraft:walk_one_cm":71549,"minecraft:sneak_time":8,"minecraft:interact_with_anvil":7,"minecraft:mob_kills":3,"minecraft:drop":5,"minecraft:jump":371,"minecraft:damage_dealt":346,"minecraft:leave_game":6,"minecraft:time_since_death":163643,"minecraft:climb_one_cm":3404,"minecraft:total_world_time":266960,"minecraft:fall_one_cm":1848,"minecraft:fly_one_cm":46772},"minecraft:mined":{"minecraft:grass":24,"minecraft:oak_log":2},"minecraft:dropped":{"minecraft:wheat_seeds":4,"minecraft:diamond_chestplate":1},"minecraft:killed_by":{"minecraft:skeleton":2,"minecraft:zombie":4},"minecraft:killed":{"minecraft:zombie":2}},"DataVersion":3465}